Name,Ukrainian Name,Address,Latitude,Longitude,Category,Recommended By,Recommended Dish,Description,Google Maps URL,Source URL,Status
Baczewski Restaurant,Ресторація Бачевських,"вул. Шевська, 8, Львів",49.8428,24.0305,galician,Katsurin,Журек по-львівськи (Katsurin gotował go razem z kuchnią); Klasyczne galicyjskie śniadania,Flagowa restauracja galicyjska w kamienicy przy Rynku. W odcinku „Їжа Львова” (2022) Katsurin gotuje tu lwowską wersję polskiego żurku i rozmawia o kuchni galicyjskiej. Żurek po-lwowsku wciąż jest w karcie.,"https://www.google.com/maps/search/?api=1&query=49.8428,24.0305",https://www.youtube.com/watch?v=pX8CMh21Vz4,OPEN
Pretty High Kitchen,Дуже висока кухня,"пл. Ринок, 14 (5 поверх), Львів",49.8413,24.0326,finedining,Katsurin,Autorski banosz z kurkami (szef Юрій Кошик),"Restauracja holdingu !FEST na piątym piętrze kamienicy przy Rynku: bez menu i bez kelnerów, kucharze gotują z tego, co przynieśli z rynku. Katsurin jadł tu autorski banosz z kurkami. W 2024 r. lokal ogłosił zamknięcie i zmianę formatu.","https://www.google.com/maps/search/?api=1&query=49.8413,24.0326",https://www.youtube.com/watch?v=pX8CMh21Vz4,CLOSED
Jerusalem Café,Кафе «Єрусалим» (Ієрусалим),"вул. Мечникова, 39, Львів",49.8345,24.0525,restaurant,Katsurin,"Gefilte fisz (właścicielka Льоля Ланда pokazuje, jak go robi); Lwowska kuchnia żydowska","Kameralna kawiarnio-restauracja żydowska przy Cmentarzu Łyczakowskim, działa od 2009 r. Segment o lwowskiej kuchni żydowskiej w odcinku z 2022 r.: gefilte fisz i opowieść o żydowskim Lwowie.","https://www.google.com/maps/search/?api=1&query=49.8345,24.0525",https://www.youtube.com/watch?v=pX8CMh21Vz4,OPEN
Pravda Beer Theatre,Театр пива «Правда» (obecnie Pravda. Craft Beer & Friends),"пл. Ринок, 32, Львів",49.8418,24.03,bar,Katsurin,Piwo rzemieślnicze warzone na miejscu,Browar-teatr piwa holdingu !FEST w piwnicach i na piętrach kamienicy przy Rynku 32. W odcinku z 2022 r. to segment „gdzie znaleźć najlepsze piwo we Lwowie”. Po rebrandingu działa jako Pravda. Craft Beer & Friends.,"https://www.google.com/maps/search/?api=1&query=49.8418,24.0300",https://www.youtube.com/watch?v=pX8CMh21Vz4,OPEN
Cheburechna in Briukhovychi,Чебуречна (Брюховичі),"вул. Курортна, смт Брюховичі (Львівська міська громада)",49.904,23.953,streetfood,Katsurin,Czebureki,"Kultowa czebureczna z wnętrzem niezmienionym od 1965 r., przy jeziorach w Brzuchowicach na obrzeżach Lwowa. Otwiera street-foodową część odcinka z 2022 r. Katsurin: „Чебуречна на Брюховичах — люкс!”.","https://www.google.com/maps/search/?api=1&query=49.9040,23.9530",https://www.youtube.com/watch?v=pX8CMh21Vz4,OPEN
Tsukernia,Цукерня,"вул. Староєврейська, 3, Львів",49.841,24.0333,bakery,Both,"Desery według starych galicyjskich receptur: sernik, strudel, napoleon","Elegancka cukiernia w austriackim stylu działająca od 2000 r. W drugim lwowskim odcinku (TOP-20, 2024) prowadzący pokazują, jak w Цукерні robi się desery „по старих переписах”.","https://www.google.com/maps/search/?api=1&query=49.8410,24.0333",https://liveam.tv/uk/izha-ukraini-29-11-2024.html,OPEN
Mriinyky (chef Oleksandr Tsvihun),Мрійники (шеф Олександр Цвігун),Львів – adres do weryfikacji,,,finedining,Both,Jadalne „kaczuszki” z pianki (deser-pokaz szefa Цвігуна),"W odcinku TOP-20 (2024) szef Олександр Цвігун (zwycięzca MasterChef „Битва сезонів”) pokazuje, jak robi jadalne kaczuszki z pianki. Według NV Цвігун był brand-szefem lwowskiego lokalu „Мрійники” – identyfikacja lokalu jest pośrednia.",https://www.google.com/maps/search/?api=1&query=%D0%9C%D1%80%D1%96%D0%B9%D0%BD%D0%B8%D0%BA%D0%B8+%D0%9B%D1%8C%D0%B2%D1%96%D0%B2,https://bzh.life/ua/gorod/1733229424-ptushkin-i-katsurin-vipustili-drugiy-gid/,UNKNOWN
Epic Cheeseburger,Epic Cheeseburger (Cukor Group),"Львів – sieć, kilka lokali (adres do weryfikacji)",,,streetfood,Both,Cheeseburger zanurzany w „serowej wannie” (сирна ванна),"Lwowska sieć burgerowni Cukor Group, znana z „serowej wanny” – formatu wymyślonego przez Wasyla Bużenyka w 2019 r. W odcinku TOP-20 (2024) prowadzący mówią, „де у бургерів є сирна ванна”. Nazwa lokalu nie pada w dostępnych nam streszczeniach – identyfikacja po unikalnym formacie.",https://www.google.com/maps/search/?api=1&query=Epic+Cheeseburger+Lviv,https://bzh.life/ua/gorod/1733229424-ptushkin-i-katsurin-vipustili-drugiy-gid/,OPEN
China Hi (Kytaiskyi Pryvit) Lviv,Китайський Привіт,"вул. Миколи Вороного, 3, Львів",49.8432,24.0272,restaurant,Katsurin,"Kaczka po pekińsku (szef Сянь); Kurczak w sosie słodko-kwaśnym; Pierożki/mandu, makaron","Własna restauracja Katsurina we Lwowie (sieć „Привіти”), otwarta 13 lipca 2025. Trzy dni po otwarciu doszło do masowego zatrucia salmonellą (deser „сінгапурський чизкейк” z surowym jajkiem); lokal zamknięto, ukarano grzywną 48 tys. hrywien i ponownie otwarto 5 sierpnia 2025 po wdrożeniu ISO 22000 i usunięciu surowych jaj z menu.","https://www.google.com/maps/search/?api=1&query=49.8432,24.0272",https://www.instagram.com/p/DMDOk1DsWYn/,OPEN
Gas Lamp (Hasova Liampa),Гасова лямпа,"вул. Вірменська, 20, Львів",49.8432,24.0322,bar,Ptushkin,,"Pub-muzeum lamp naftowych holdingu !FEST, tuż za katedrą ormiańską. Jedno z sześciu miejsc na osobistej liście „Львов” Antona Ptushkina na Foursquare (2014, jeszcze z czasów przed „Орел і Решка”).","https://www.google.com/maps/search/?api=1&query=49.8432,24.0322",https://foursquare.com/ptuxerman,OPEN
At the Golden Rose,Під Золотою Розою,"вул. Староєврейська, 37, Львів",49.8405,24.034,restaurant,Ptushkin,,"Restauracja galicyjsko-żydowska holdingu !FEST obok ruin synagogi Złotej Róży, znana z menu bez cen („targuj się”). Na liście Foursquare „Львов” Antona Ptushkina (2014).","https://www.google.com/maps/search/?api=1&query=49.8405,24.0340",https://foursquare.com/ptuxerman,OPEN
House of Legends,Дім легенд,"вул. Староєврейська, 48, Львів",49.8407,24.0348,cafe,Ptushkin,,Wielopiętrowa kawiarnia-atrakcja !FEST z tematycznymi salami i tarasem na dachu (z „latającym” samochodem). Na liście Foursquare „Львов” Antona Ptushkina (2014).,"https://www.google.com/maps/search/?api=1&query=49.8407,24.0348",https://foursquare.com/ptuxerman,OPEN
Music Lab,Music Lab (bar),Львів – adres nieustalony,,,bar,Ptushkin,,"Bar z listy Foursquare „Львов” Antona Ptushkina (2014). Nie udało się potwierdzić adresu ani tego, czy lokal jeszcze działa.",https://www.google.com/maps/search/?api=1&query=Music+Lab+Lviv,https://foursquare.com/ptuxerman,UNKNOWN
